Rk,Player,Nation,Pos,Squad,Comp,Age,Born,90s,Goals_GA,Goals_PKA,Goals_FK,Goals_CK,Goals_OG,Expected_PSxG,Expected_PSxG/SoT,Expected_PSxG+/-,Expected_/90,Launched_Cmp,Launched_Att,Launched_Cmp%,Passes_Att,Passes_Thr,Passes_Launch%,Passes_AvgLen,Goal Kicks_Att,Goal Kicks_Launch%,Goal Kicks_AvgLen,Crosses_Opp,Crosses_Stp,Crosses_Stp%,Sweeper_#OPA,Sweeper_#OPA/90?,Sweeper_AvgDist
1,Manuel Riemann,de GER,GK,Bochum,de Bundesliga,34-224,1988,28,2.18,0.29,0.07,0.29,0.11,2.05,0.29,-0.02,-0.02,16,34.3,46.7,44.8,2.68,65.5,44.2,7.5,66.7,49.4,16,0.89,5.6,3.64,3.64,22.5
2,Oliver Christensen,dk DEN,GK,Hertha BSC,de Bundesliga,24-030,1999,28,1.96,0.18,0.14,0.25,0,1.57,0.31,-0.39,-0.39,6.14,17.3,35.5,30,5.18,41.6,35.4,6.82,70.2,53.3,13.9,1,7.2,2.32,2.32,19
3,Illan Meslier,fr FRA,GK,Leeds United,eng Premier League,23-050,2000,31,1.94,0.1,0.03,0.19,0.03,1.55,0.32,-0.36,-0.36,2.97,13.1,22.6,23,5.71,38.9,33.5,7.45,56.3,43.4,12.5,0.97,7.8,2.13,2.13,16.8
4,Juan Carlos,es ESP,GK,Girona,es La Liga,35-091,1988,10,1.8,0.2,0.2,0.1,0,1.67,0.35,-0.13,-0.13,2.3,6.4,35.9,27.8,5.1,17.6,28.7,6.2,24.2,30.3,12,0.6,5,2.1,2.1,16.9
5,Kepa Arrizabalaga,es ESP,GK,Chelsea,eng Premier League,28-200,1994,22.5,0.93,0,0.04,0.18,0.09,1.04,0.26,0.2,0.2,2.44,7.87,31.1,30.8,5.51,16.9,26.2,6.62,40.3,33.7,12.6,0.58,4.6,2.09,2.09,17.9
6,Robin Zentner,de GER,GK,Mainz 05,de Bundesliga,28-175,1994,22,1.32,0.05,0.05,0.09,0,1.18,0.28,-0.14,-0.14,6.05,18.7,32.4,24.5,5,54.1,41.4,7.14,75.8,56.1,12.2,1.64,13.4,2.05,2.05,17.8
7,Vanja Milinkovi?-Savi?,rs SRB,GK,Torino,it Serie A,26-060,1997,30,1.2,0.17,0,0.2,0,1.02,0.24,-0.18,-0.18,7,24.4,28.6,38,4.53,46.1,40.3,7.6,91.2,69.6,12.5,0.83,6.7,2.03,2.03,17.2
8,Nick Pope,eng ENG,GK,Newcastle Utd,eng Premier League,31-002,1992,29.2,0.82,0.07,0,0.21,0,0.86,0.24,0.03,0.03,3.42,10.7,32.1,19.4,6.4,33.9,33.2,5.79,71,51.7,12.8,0.99,7.8,2.02,2.02,17.9
9,Alisson,br BRA,GK,Liverpool,eng Premier League,30-201,1992,30,1.2,0.07,0,0,0.07,1.52,0.35,0.39,0.39,3.1,7.27,42.7,34,5.77,17.8,26.4,5.47,22.6,29.6,10.9,0.6,5.5,1.97,1.97,19.3
10,Rafa? Gikiewicz,pl POL,GK,Augsburg,de Bundesliga,35-177,1987,23,1.78,0.04,0.04,0.17,0,1.8,0.28,0.01,0.01,8.04,19.7,40.9,39.8,5.52,33.3,33,10.2,62.8,48.9,15.8,0.91,5.8,1.96,1.96,16.7
11,Pietro Terracciano,it ITA,GK,Fiorentina,it Serie A,33-044,1990,26,1.19,0.12,0,0.12,0.04,1.08,0.3,-0.08,-0.08,5.19,12.8,40.7,29.5,3.85,32.8,33.4,6.88,45.3,40.2,9.77,0.46,4.7,1.96,1.96,18.6
12,Benjamin Leroy,fr FRA,GK,Ajaccio,fr Ligue 1,34-014,1989,27.1,1.92,0.3,0.04,0.33,0.04,1.52,0.29,-0.36,-0.36,6.75,16.6,40.8,21.2,2.47,52.5,38.6,6.57,82.6,51.6,12,0.59,4.9,1.92,1.92,17.4
13,Manuel Neuer,de GER,GK,Bayern Munich,de Bundesliga,37-025,1986,12,0.92,0.17,0,0,0,1.22,0.29,0.31,0.31,3.25,6.58,49.4,36.3,6.75,16.6,26.8,5.75,10.1,23.8,8.58,0.33,3.9,1.92,1.92,19.5
14,Lorenzo Montipò,it ITA,GK,Hellas Verona,it Serie A,27-060,1996,29,1.48,0,0.03,0.14,0.03,1.29,0.27,-0.16,-0.16,9.1,20.3,44.9,24.9,3.34,61.3,43.6,7.52,66.5,49.1,13.4,0.69,5.1,1.76,1.76,15.9
15,Aitor Fernández,es ESP,GK,Osasuna,es La Liga,31-353,1991,16,1,0,0,0,0.06,0.87,0.27,-0.07,-0.07,7.81,18.9,41.3,29.1,4.69,48.5,40.2,7.38,65.3,50.3,12.8,0.63,4.9,1.75,1.75,16.6
16,Sergio Asenjo,es ESP,GK,Valladolid,es La Liga,33-297,1989,10,2.1,0.1,0.1,0,0,1.68,0.31,-0.42,-0.42,5.8,16.2,35.8,26,4.6,38.8,35.8,9.2,66.3,51.2,16.6,0.5,3,1.7,1.7,16.1
17,Mike Maignan,fr FRA,GK,Milan,it Serie A,27-292,1995,14,1.07,0.14,0,0.07,0,1.03,0.26,-0.04,-0.05,4.14,9.79,42.3,31.6,5.29,27.1,31.7,3.5,34.7,36.3,10.2,0.79,7.7,1.64,1.64,17.7
18,Steve Mandanda,fr FRA,GK,Rennes,fr Ligue 1,38-024,1985,27.5,0.95,0.04,0,0.18,0.04,1.04,0.28,0.13,0.13,5.27,13.9,37.9,31,4.73,33.8,32.7,5.82,59.4,42.8,11.3,1.02,9,1.64,1.64,16.8
19,Paulo Gazzaniga,ar ARG,GK,Girona,es La Liga,31-109,1992,19,1.26,0.11,0,0.16,0,1.5,0.33,0.24,0.24,5.53,15.4,35.8,29.3,5.11,34.4,34,8.58,62.6,49.2,17,1.53,9,1.63,1.63,15.7
20,Yassine Bounou,ma MAR,GK,Sevilla,es La Liga,32-016,1991,22.9,1.7,0.09,0,0.13,0.09,1.59,0.34,-0.03,-0.03,4.72,12.7,37.1,33.4,3.97,27.7,30.7,6.77,51,41.9,13.3,0.87,6.6,1.62,1.62,17.2
21,Emiliano Martínez,ar ARG,GK,Aston Villa,eng Premier League,30-231,1992,28.4,1.16,0.11,0.04,0.18,0.14,1.1,0.25,0.08,0.08,5.63,14.1,39.9,31.7,3.73,34.9,32.9,6.44,47.5,39.6,14.2,1.62,11.4,1.62,1.62,15.2
22,Danny Ward,wls WAL,GK,Leicester City,eng Premier League,29-303,1993,26,1.77,0.08,0.08,0.23,0.15,1.4,0.29,-0.21,-0.21,3.62,11.7,31,28.8,5.92,29.7,30.4,7.31,42.1,35.1,13.7,0.77,5.6,1.62,1.62,15.9
23,Gregor Kobel,ch SUI,GK,Dortmund,de Bundesliga,25-136,1997,21,1.29,0,0,0.19,0.05,1.32,0.29,0.09,0.09,3.81,10.2,37.4,32.7,4.43,21.7,29.4,7.29,42.5,37.8,11.8,0.57,4.9,1.57,1.57,17.3
24,David Raya,es ESP,GK,Brentford,eng Premier League,27-218,1995,31,1.35,0.06,0,0.26,0.1,1.36,0.24,0.11,0.11,9.26,23,40.3,36.3,4.65,49.2,38.7,7.19,71.3,51.8,16.2,1.45,9,1.55,1.55,16
25,Gavin Bazunu,ie IRL,GK,Southampton,eng Premier League,21-060,2002,31,1.71,0.03,0.03,0.23,0.13,1.1,0.28,-0.48,-0.48,6.61,19.2,34.4,29.4,4.61,49.4,37.8,7.06,66.7,49.6,14,1.13,8.1,1.52,1.52,15
26,Koen Casteels,be BEL,GK,Wolfsburg,de Bundesliga,30-300,1992,28,1.29,0.14,0,0.14,0.07,1.2,0.25,-0.01,-0.01,7.5,16.7,45,38.4,5.43,32.4,33.3,7.96,52.9,45.9,14.1,0.75,5.3,1.5,1.5,16.9
27,Dean Henderson,eng ENG,GK,Nott'ham Forest,eng Premier League,26-040,1997,18,1.72,0.11,0.06,0.28,0,1.49,0.28,-0.23,-0.23,6,18.6,32.3,28.5,5.94,47.2,38.5,8.67,59,45.3,16.2,1.11,6.9,1.5,1.5,15.6
28,Ivan Provedel,it ITA,GK,Lazio,it Serie A,29-035,1994,29.9,0.67,0.03,0,0.17,0,0.79,0.24,0.12,0.12,4.38,10.5,41.9,29.9,4.38,28.8,33,5.28,35.4,34.7,13,0.54,4.1,1.51,1.5,16.6
29,Gerónimo Rulli,ar ARG,GK,Villarreal,es La Liga,30-336,1992,14,0.71,0,0,0.07,0,0.89,0.23,0.18,0.18,3.57,8.5,42,32.2,5,19.3,28.8,6.57,34.8,37.9,15.4,1.43,9.3,1.5,1.5,15.5
30,Florian Müller,de GER,GK,Stuttgart,de Bundesliga,25-159,1997,19,1.79,0.05,0.11,0.16,0,1.43,0.3,-0.36,-0.36,5.16,11.2,46.2,31.5,5.16,26.9,29.2,7,38.3,36.6,13.7,0.32,2.3,1.47,1.47,18.9
31,Stole Dimitrievski,mk MKD,GK,Rayo Vallecano,es La Liga,29-117,1993,28,1.11,0.14,0,0.14,0.11,1.15,0.28,0.15,0.15,3.93,14.5,27.2,22.7,5.64,43.9,38.6,8.46,53.2,44.6,14.3,0.75,5.2,1.46,1.46,15.8
32,Unai Simón,es ESP,GK,Athletic Club,es La Liga,25-314,1997,23.5,1.11,0.04,0,0.04,0.09,0.98,0.29,-0.04,-0.04,4.17,11.3,37,24.7,5.15,30,33.3,6.34,61.1,47.7,12.1,0.55,4.6,1.45,1.45,18.6
33,Ji?í Pavlenka,cz CZE,GK,Werder Bremen,de Bundesliga,31-007,1992,26.3,1.94,0.04,0,0.19,0.08,1.62,0.3,-0.25,-0.25,6.62,15.7,42,28.5,4.6,40.4,36.2,8.14,51.9,44.2,13.5,0.61,4.5,1.41,1.41,15.6
34,Thibaut Courtois,be BEL,GK,Real Madrid,es La Liga,30-345,1992,23,0.91,0.17,0,0.04,0,0.83,0.18,-0.09,-0.09,2.96,7.39,40,30.8,6.43,19.8,28.5,4.78,27.3,32.8,12.3,1.17,9.5,1.39,1.39,15.2
35,Rui Silva,pt POR,GK,Betis,es La Liga,29-073,1994,23,1.09,0.09,0.04,0.22,0,1.24,0.3,0.15,0.15,5.87,16.1,36.5,25.5,3.91,41.6,35.9,8.39,65.3,48.4,14.4,0.65,4.5,1.39,1.39,16.6
36,Sergio Herrera,es ESP,GK,Osasuna,es La Liga,29-320,1993,13,1.08,0.08,0.08,0.15,0,1.02,0.24,-0.06,-0.06,8.77,20.5,42.9,26.5,3,58.6,44,7.85,62.7,48.4,12.5,0.77,6.1,1.38,1.38,18.3
37,Yann Sommer,ch SUI,GK,Bayern Munich,de Bundesliga,34-125,1988,13,1.31,0.31,0.08,0.08,0,1.27,0.33,-0.04,-0.03,3,5.92,50.6,35.5,4.38,13,25,5.08,25.8,29.9,11.3,0.85,7.5,1.38,1.38,16.2
38,Álvaro Fernández,es ESP,GK,Espanyol,es La Liga,25-008,1998,11,1.64,0,0,0.36,0.09,1.38,0.31,-0.16,-0.17,9.45,20.1,47.1,23,3.36,55.7,42.5,9.36,77.7,54.8,13.9,0.45,3.3,1.36,1.36,16.3
39,Janis Blaswich,de GER,GK,RB Leipzig,de Bundesliga,31-354,1991,21,1.19,0.24,0,0.1,0,1.1,0.28,-0.1,-0.09,2.38,7.05,33.8,38.4,4.86,15,25.3,5.57,23.1,27.7,11.3,0.9,8,1.33,1.33,16.2
40,Agustín Marchesín,ar ARG,GK,Celta Vigo,es La Liga,35-036,1988,19,1.53,0.11,0.05,0.21,0.05,1.09,0.24,-0.38,-0.38,5.42,14.1,38.6,26.3,3.95,39.8,35.3,6.89,51.9,42.9,13.3,0.74,5.5,1.32,1.32,18.1
41,Giorgi Mamardashvili,ge GEO,GK,Valencia,es La Liga,22-204,2000,29,1.24,0.07,0,0.21,0.07,1.17,0.28,0,0,4.48,12.4,36.2,23.5,3.9,35.5,32.9,6.1,66.1,50.3,11.5,0.66,5.7,1.31,1.31,17.5
42,Yann Sommer,ch SUI,GK,M'Gladbach,de Bundesliga,34-125,1988,10,1.4,0.2,0.1,0,0.1,1.67,0.25,0.37,0.37,4.8,14.1,34,51.7,5.2,23,28.2,9,24.4,28.6,16.2,0.5,3.1,1.3,1.3,14.6
43,Jordan Pickford,eng ENG,GK,Everton,eng Premier League,29-045,1994,30,1.53,0.17,0.03,0.13,0,1.62,0.29,0.09,0.09,7.03,21.1,33.3,26.9,4.37,55.6,41.9,8.63,71,52.5,15.1,0.57,3.8,1.27,1.27,14.9
44,Jonas Omlin,ch SUI,GK,M'Gladbach,de Bundesliga,29-101,1994,10.3,1.46,0.1,0,0,0,1.39,0.3,-0.07,-0.07,4.56,13.2,34.6,48.5,4.95,20.8,28.4,7.48,41.6,37.4,17,0.87,5.1,1.26,1.26,14
45,Bernd Leno,de GER,GK,Fulham,eng Premier League,31-048,1992,28,1.39,0.14,0.04,0.25,0.04,1.61,0.29,0.25,0.25,3.79,11.5,33,31,5.21,27.9,30.6,7.14,39.5,36.6,13.4,0.93,7,1.25,1.25,15
46,Álex Remiro,es ESP,GK,Real Sociedad,es La Liga,28-028,1995,29,0.97,0.03,0.03,0.1,0.07,0.84,0.22,-0.06,-0.06,6.62,15.4,43,29.8,3.93,39.2,35.4,5.93,62.8,50.7,12.1,0.41,3.4,1.24,1.24,15.9
47,Brice Samba,fr FRA,GK,Lens,fr Ligue 1,28-361,1994,31,0.81,0.06,0,0.19,0.03,0.9,0.24,0.12,0.12,4.61,11,41.8,29.2,3.84,34.3,32.7,3.94,26.2,29.3,9.74,0.71,7.3,1.23,1.23,16.7
48,Hugo Lloris,fr FRA,GK,Tottenham,eng Premier League,36-116,1986,24,1.42,0.04,0,0.13,0.04,1.28,0.27,-0.1,-0.1,3.08,8.71,35.4,22,4.5,31.1,31.2,7.67,24.5,25.3,13,0.79,6.1,1.21,1.21,13.9
49,David Soria,es ESP,GK,Getafe,es La Liga,30-017,1993,29,1.24,0.1,0,0.17,0.07,1.22,0.22,0.04,0.04,10.2,22.2,46,20.7,2.97,71.2,48,8.48,88.2,57.6,15.9,0.86,5.4,1.21,1.21,14.8
50,Aaron Ramsdale,eng ENG,GK,Arsenal,eng Premier League,24-342,1998,31,1,0.1,0,0.16,0.03,1.01,0.28,0.04,0.04,3.03,11.1,27.4,24.5,4.65,35.6,33.5,4.1,57.5,48.3,10.7,0.48,4.5,1.19,1.19,16.6
51,Oliver Baumann,de GER,GK,Hoffenheim,de Bundesliga,32-323,1990,28,1.68,0.04,0.04,0.32,0.04,1.53,0.31,-0.12,-0.12,5.79,14.2,40.8,34.9,5.29,33.3,32.6,6.64,38.2,34.8,14.7,1.21,8.3,1.18,1.18,13.1
52,Mark Flekken,nl NED,GK,Freiburg,de Bundesliga,29-312,1993,28,1.32,0.18,0,0.14,0,1.36,0.27,0.04,0.04,7.89,19.1,41.2,35.6,3.36,40.4,37.5,6.54,72.7,58.1,12.3,0.75,6.1,1.18,1.18,15
53,Wladimiro Falcone,it ITA,GK,Lecce,it Serie A,28-009,1995,30,1.2,0.17,0.03,0.17,0.1,1.18,0.25,0.08,0.08,5,19.1,26.2,24.2,4.07,55.4,41.5,7.37,76.9,52.1,14.3,0.73,5.1,1.17,1.17,13.8
54,Pau López,es ESP,GK,Marseille,fr Ligue 1,28-129,1994,26,0.92,0.15,0,0.08,0.04,1.11,0.24,0.22,0.22,3.42,9.92,34.5,28.2,4.38,24.5,31.1,5.35,56.1,42.7,11.8,0.69,5.9,1.15,1.15,15.4
55,Alexander Schwolow,de GER,GK,Schalke 04,de Bundesliga,30-323,1992,17.6,2.44,0.17,0,0.17,0,1.99,0.31,-0.45,-0.45,8.07,19.7,40.9,29.8,3.47,46.2,38.1,7.84,76.1,56.6,15.2,0.34,2.2,1.14,1.14,15.2
56,Yehvann Diouf,fr FRA,GK,Reims,fr Ligue 1,23-156,1999,24,0.75,0,0.04,0.08,0,1.04,0.24,0.29,0.29,4.33,10.1,42.8,27.3,5.92,29.7,32.3,6.21,32.9,33.8,14.3,1.33,9.3,1.13,1.13,12.7
57,Juan Musso,ar ARG,GK,Atalanta,it Serie A,28-350,1994,22.1,1.13,0.09,0,0.14,0.09,0.9,0.22,-0.14,-0.14,4.89,12,40.6,24.1,6.7,32.5,32,6.74,62.4,48.5,11.2,0.63,5.7,1.09,1.09,15.6
58,Bart?omiej Dr?gowski,pl POL,GK,Spezia,it Serie A,25-245,1997,26.7,1.61,0.15,0.04,0.15,0.07,1.52,0.26,-0.01,-0.01,4.87,15.1,32.3,29,4.98,38.3,34.5,6.33,62.7,48,15,0.41,2.7,1.09,1.08,14.2
59,Ederson,br BRA,GK,Manchester City,eng Premier League,29-247,1993,30,0.93,0.1,0.03,0.1,0.03,0.77,0.31,-0.13,-0.13,3.13,7.17,43.7,31.1,4.23,19.1,28,4.4,28,31.4,7.9,0.63,8,1.07,1.07,16.2
60,Alex Meret,it ITA,GK,Napoli,it Serie A,26-030,1997,29,0.72,0.03,0,0.03,0,0.76,0.26,0.04,0.04,1.76,4.52,38.9,22,3.66,14.9,26.2,6.03,20.6,27.1,10.2,0.34,3.4,1.07,1.07,17
61,Neto,br BRA,GK,Bournemouth,eng Premier League,33-276,1989,20.5,1.37,0.2,0,0.29,0.05,1.47,0.26,0.15,0.15,6.68,17.3,38.7,21.6,4.83,50.7,38.9,8.88,71.4,46.4,20.3,1.37,6.7,1.07,1.07,12.3
62,Samir Handanovi?,si SVN,GK,Inter,it Serie A,38-281,1984,10,1.6,0.1,0,0.1,0.1,1.2,0.28,-0.3,-0.3,2.9,5.9,49.2,30.9,4.9,17.5,25.9,5.4,9.3,25.9,9.7,0.2,2.1,1,1,16.3
63,Vicente Guaita,es ESP,GK,Crystal Palace,eng Premier League,36-101,1987,27,1.26,0.07,0,0.15,0.07,1.2,0.26,0.01,0.01,4.26,11.9,35.9,23.5,5.19,34.5,32.3,7.63,49,37.4,15.2,0.96,6.3,0.96,0.96,13.1
64,Marco Carnesecchi,it ITA,GK,Cremonese,it Serie A,22-294,2000,21,1.67,0.1,0.1,0.19,0.05,1.59,0.29,-0.03,-0.03,5.9,19.1,30.9,27.7,5.38,52.2,41.3,7.24,63.8,51.8,14.1,1.05,7.4,0.95,0.95,13.9
65,Andrea Consigli,it ITA,GK,Sassuolo,it Serie A,36-084,1987,28,1.43,0.11,0,0.14,0,1.04,0.3,-0.39,-0.39,5.39,13.4,40.3,33.2,5.39,31.8,34.2,8.71,32.8,33.7,14.1,0.82,5.8,0.93,0.93,14.4
66,Jonas Omlin,ch SUI,GK,Montpellier,fr Ligue 1,29-101,1994,13,2,0.23,0,0.15,0.15,1.85,0.28,0.01,0,4.08,12.4,32.9,25.4,5.92,32.1,31.7,6.54,64.7,47.3,16.1,1.08,6.7,0.92,0.93,12
67,Wojciech Szcz?sny,pl POL,GK,Juventus,it Serie A,33-003,1990,20.5,0.88,0,0,0.2,0,0.85,0.28,-0.03,-0.03,4.83,10.6,45.6,23.4,4.44,34,34.4,5.32,49.5,41.8,13.8,0.44,3.2,0.93,0.93,15.6
68,Marc-André ter Stegen,de GER,GK,Barcelona,es La Liga,30-356,1992,29,0.31,0.07,0,0.03,0.07,0.48,0.19,0.23,0.23,4.62,9.24,50,32.9,4.62,22.2,28.8,5.52,35,35.9,10.6,0.45,4.2,0.93,0.93,15.2
69,Emil Audero,it ITA,GK,Sampdoria,it Serie A,26-093,1997,25,1.56,0.2,0,0.16,0.08,1.29,0.21,-0.19,-0.19,6.36,17.6,36.1,28.6,4.16,45.8,39.1,8,57,44.2,14.2,0.96,6.7,0.92,0.92,13.9
70,Frederik Rønnow,dk DEN,GK,Union Berlin,de Bundesliga,30-260,1992,23,0.87,0.13,0,0.17,0,1.23,0.26,0.36,0.36,8.43,21,40.2,38.3,3.87,44.6,36.6,5.87,65.9,49.2,15.4,1.52,9.9,0.91,0.91,12.8
71,Alban Lafont,fr FRA,GK,Nantes,fr Ligue 1,24-088,1999,30,1.43,0.17,0.03,0.2,0.13,1.48,0.27,0.18,0.18,5.13,13.9,37,25.9,5.83,36.3,35.2,6.9,64.7,47.8,13.7,1.2,8.8,0.9,0.9,11.4
72,Alexander Nübel,de GER,GK,Monaco,fr Ligue 1,26-203,1996,31,1.39,0.16,0.03,0.13,0.1,1.18,0.22,-0.11,-0.11,5.39,12,44.8,23.7,5.23,32.7,32.9,6.71,63.9,46.1,12.2,0.9,7.4,0.9,0.9,12.9
73,Matz Sels,be BEL,GK,Strasbourg,fr Ligue 1,31-054,1992,31,1.71,0.32,0,0.16,0,1.61,0.28,-0.1,-0.1,4.42,12.1,36.6,21.6,3.74,43.3,36.2,5.03,53.8,43.1,13.3,0.77,5.8,0.9,0.9,13.1
74,Pepe Reina,es ESP,GK,Villarreal,es La Liga,40-233,1982,14,1.21,0.21,0,0.07,0.07,1.38,0.3,0.24,0.24,2.43,8.86,27.4,32.1,4.36,20.9,28.2,5.93,36.1,34.8,13.1,0.43,3.3,0.86,0.86,16.9
75,José Sá,pt POR,GK,Wolves,eng Premier League,30-094,1993,31,1.35,0.03,0,0.16,0.03,1.23,0.28,-0.09,-0.09,3.52,11.9,29.6,26.5,5.16,28.4,30.7,7.32,59.5,45,15.3,1.23,8,0.84,0.84,12.9
76,David de Gea,es ESP,GK,Manchester Utd,eng Premier League,32-165,1990,30,1.23,0.03,0.07,0.17,0.03,1.12,0.29,-0.08,-0.08,3.8,11.6,32.8,27.1,3.5,31.6,31.6,4.63,65.5,48.3,14.2,0.43,3,0.83,0.83,14.5
77,Benjamin Lecomte,fr FRA,GK,Montpellier,fr Ligue 1,31-360,1991,12,1,0.08,0,0,0,1.44,0.28,0.44,0.44,5.67,16.3,34.9,24.1,3.25,48.1,38.2,8.17,57.1,43.8,13.6,0.42,3.1,0.83,0.83,12.6
78,Keylor Navas,cr CRC,GK,Nott'ham Forest,eng Premier League,36-127,1986,11,1.91,0.27,0,0.09,0,1.69,0.34,-0.22,-0.21,5.91,17.5,33.9,24.6,5,48,37.9,9.18,61.4,43.5,16.9,0.73,4.3,0.82,0.82,10.8
79,Ciprian T?t?ru?anu,ro ROU,GK,Milan,it Serie A,37-071,1986,16,1.38,0.13,0.13,0.25,0.06,1.05,0.25,-0.26,-0.26,5.88,12.2,48.2,29.6,4.69,32.1,32.9,5.19,51.8,41.8,12.2,0.56,4.6,0.81,0.81,14.4
80,Kevin Trapp,de GER,GK,Eint Frankfurt,de Bundesliga,32-287,1990,27,1.48,0.04,0.04,0.26,0.04,1.23,0.32,-0.22,-0.22,2.41,10,24.1,19.6,4.04,40.6,35.3,6.74,30.2,34.4,11.9,0.52,4.4,0.78,0.78,14.5
81,Gianluigi Donnarumma,it ITA,GK,Paris S-G,fr Ligue 1,24-055,1999,31,0.97,0.06,0.03,0.1,0.03,1.08,0.24,0.15,0.15,1.42,3.94,36.1,19.8,4.52,13.9,23.6,5.42,22,25.8,11.3,0.9,8,0.77,0.77,12.8
82,Ralf Fährmann,de GER,GK,Schalke 04,de Bundesliga,34-206,1988,10.4,0.87,0.1,0,0.1,0.1,0.96,0.21,0.19,0.19,7.98,18,44.4,30.7,4.13,42.9,36.1,7.4,64.9,47.6,15.4,0.96,6.3,0.77,0.77,11.7
83,Rui Patrício,pt POR,GK,Roma,it Serie A,35-065,1988,30,0.87,0.07,0.03,0.1,0.03,0.75,0.21,-0.08,-0.08,4,9.77,41,19.5,3.63,37.5,33.4,7.03,34.6,33.8,11.6,0.4,3.4,0.77,0.77,14.1
84,Luigi Sepe,it ITA,GK,Salernitana,it Serie A,31-348,1991,17,1.59,0.24,0,0,0,1.78,0.27,0.19,0.2,4.47,16.1,27.7,28.8,4.94,40.6,35.9,9.06,48.7,41.1,13.1,0.94,7.2,0.76,0.76,14.2
85,Michele Di Gregorio,it ITA,GK,Monza,it Serie A,25-268,1997,29,1.31,0.03,0.03,0.1,0.03,1.32,0.31,0.04,0.05,4.14,12.3,33.6,32.8,6.31,30.5,32.4,6.55,35.3,33.4,14.3,0.45,3.1,0.72,0.72,12.4
86,Jan Oblak,si SVN,GK,Atlético Madrid,es La Liga,30-104,1993,26.7,0.71,0.04,0.04,0.04,0,0.77,0.27,0.06,0.06,4.23,13.2,32.1,20.9,4.08,39.2,35.5,8.35,59.6,45.9,12.9,0.9,7,0.71,0.71,14.7
87,Marco Bizot,nl NED,GK,Brest,fr Ligue 1,32-042,1991,30,1.6,0.2,0,0.3,0.07,1.67,0.27,0.14,0.14,5.5,13.2,41.7,21.3,4.33,39.1,35.4,8.23,59.1,44.5,14.6,0.77,5.3,0.7,0.7,11.6
88,Fernando,es ESP,GK,Almería,es La Liga,32-315,1990,27.5,1.67,0.11,0.04,0.11,0.04,1.77,0.3,0.13,0.13,4.84,14,34.5,26.9,5.93,36.4,35.9,9.31,44.9,40.1,16.3,1.05,6.5,0.69,0.69,12.8
89,Kasper Schmeichel,dk DEN,GK,Nice,fr Ligue 1,36-167,1986,29,0.93,0.03,0.07,0.17,0,0.92,0.24,-0.01,-0.01,4.79,10.8,44.3,25.4,3.34,31.3,32.9,8,36.2,34.3,13.4,0.69,5.1,0.69,0.69,13.4
90,?ukasz Skorupski,pl POL,GK,Bologna,it Serie A,31-351,1991,29,1.28,0.21,0.03,0.21,0.07,1.32,0.25,0.12,0.12,4.34,11.1,39,26,5.55,31.7,32.6,7.48,38.7,35.3,13.4,0.79,5.9,0.69,0.69,13
91,Lucas Chevalier,fr FRA,GK,Lille,fr Ligue 1,21-166,2001,25,1.04,0.04,0.08,0.04,0.12,0.98,0.26,0.06,0.06,2.28,8.4,27.1,28.1,3.84,24.8,29.1,3.12,46.2,38.4,10.3,0.8,7.8,0.68,0.68,12.3
92,?ukasz Fabia?ski,pl POL,GK,West Ham,eng Premier League,38-003,1985,26.6,1.28,0.04,0,0.04,0.04,1.26,0.28,0.02,0.02,5.53,14.8,37.3,19.7,4.55,53.9,39.6,6.62,63.1,46.1,14.6,0.94,6.4,0.68,0.68,12.8
93,Paul Bernardoni,fr FRA,GK,Angers,fr Ligue 1,26-003,1997,23,2.22,0.3,0.04,0.26,0.09,1.87,0.31,-0.27,-0.26,3.39,9.87,34.4,17.7,4.83,35.6,33.2,7.04,50.6,40.7,13.5,0.78,5.8,0.65,0.65,11.6
94,Mory Diaw,sn SEN,GK,Clermont Foot,fr Ligue 1,29-303,1993,31,1.35,0.23,0,0.13,0,1.49,0.29,0.14,0.14,6.29,15.9,39.6,31.5,4.97,39.9,37,7.19,46.2,40.4,12.7,0.97,7.6,0.65,0.65,11.1
95,Maxime Dupé,fr FRA,GK,Toulouse,fr Ligue 1,30-048,1993,31,1.74,0.13,0.06,0.26,0.1,1.56,0.28,-0.09,-0.09,3.77,9.9,38.1,27.2,4.71,24.8,29.7,7.03,45,37.4,13.6,0.87,6.4,0.65,0.65,10.7
96,Ionu? Radu,ro ROU,GK,Auxerre,fr Ligue 1,25-328,1997,11,0.91,0,0,0,0.09,1.15,0.25,0.33,0.32,6.64,20.6,32.2,28.8,3.73,52.1,40.9,6.36,88.6,56.4,15,0.82,5.5,0.64,0.64,12.3
97,Guglielmo Vicario,it ITA,GK,Empoli,it Serie A,26-196,1996,24,1.29,0.08,0,0.29,0.04,1.35,0.28,0.1,0.1,4.88,14.4,33.8,36.2,5.13,32,33.3,5.79,48.9,42.6,20.4,1.17,5.7,0.63,0.63,10.7
98,Predrag Rajkovi?,rs SRB,GK,Mallorca,es La Liga,27-172,1995,29,1.03,0.17,0,0.1,0,1.02,0.24,-0.01,-0.01,8.41,20.7,40.6,25.1,3.52,59.1,44.1,8.59,68.7,50.7,16.1,0.72,4.5,0.62,0.62,12.4
99,Iván Villar,es ESP,GK,Celta Vigo,es La Liga,25-286,1997,10,1.1,0.1,0,0.5,0,1.08,0.3,-0.02,-0.02,5.3,13.1,40.5,21.9,5.3,36.1,34.2,7.8,66.7,48.8,14.6,0.4,2.7,0.6,0.6,13.3
100,Lukáš Hrádecký,fi FIN,GK,Leverkusen,de Bundesliga,33-148,1989,27,1.44,0.22,0.04,0.15,0.07,1.29,0.25,-0.08,-0.08,3.44,11.6,29.7,28.2,4.41,32.4,32.5,5.7,42.9,37.2,11.9,0.78,6.5,0.59,0.59,13.2
101,Benoît Costil,fr FRA,GK,Auxerre,fr Ligue 1,35-292,1987,19,2.16,0.16,0,0.16,0,1.79,0.33,-0.37,-0.37,6.95,15.4,45.2,23.9,3.79,41.9,36.8,7.21,74.5,51.7,15,0.16,1.1,0.58,0.58,13.1
102,Anthony Lopes,pt POR,GK,Lyon,fr Ligue 1,32-202,1990,24.3,1.07,0.16,0.08,0.21,0,1.15,0.26,0.08,0.08,3.66,9.79,37.4,24.6,4.16,32.2,32.4,6.09,31.1,32.4,11.2,0.62,5.5,0.58,0.58,12.7
103,Robert Sánchez,es ESP,GK,Brighton,eng Premier League,25-154,1997,23,1.3,0.22,0,0.17,0.13,1.05,0.25,-0.12,-0.12,2.61,8.91,29.3,28,4.48,24.2,28.9,5.7,37.4,35.1,9.96,0.74,7.4,0.57,0.57,12.3
104,Guillermo Ochoa,mx MEX,GK,Salernitana,it Serie A,37-282,1985,13,1.77,0.15,0,0.23,0,2,0.3,0.23,0.23,7,21.3,32.9,27,2.38,54.1,41.4,9.23,72.5,51,14.8,0.38,2.6,0.54,0.54,13.2
105,Marvin Schwäbe,de GER,GK,Köln,de Bundesliga,27-361,1995,28,1.64,0.14,0.14,0.11,0.11,1.24,0.3,-0.3,-0.29,4.36,11.6,37.7,36.1,3.46,27.7,31.1,5.43,28.9,33,13.9,0.54,3.9,0.54,0.54,12.9
106,Yvon Mvogo,ch SUI,GK,Lorient,fr Ligue 1,28-319,1994,13.1,1.45,0,0,0.15,0.08,1.22,0.26,-0.15,-0.15,5.11,13.3,38.5,24.5,3.89,35.5,32.3,8.02,57.1,41.8,21.2,0.99,4.7,0.53,0.53,10.2
107,Marco Silvestri,it ITA,GK,Udinese,it Serie A,32-050,1991,30,1.3,0.13,0.03,0.07,0.07,1.23,0.3,0,0,3.8,10.1,37.7,21.8,3.77,33.4,32.6,7.63,36.2,35.1,14.1,0.37,2.6,0.53,0.53,12.2
108,Vito Mannone,it ITA,GK,Lorient,fr Ligue 1,35-050,1988,17.9,1.34,0.06,0.11,0.11,0,1.41,0.29,0.07,0.07,3.13,9.83,31.8,26.3,5.64,25.9,29.5,6.26,48.2,37.5,19.2,0.67,3.5,0.5,0.5,10.6
109,Jeremías Ledesma,ar ARG,GK,Cádiz,es La Liga,30-067,1993,25,1.48,0.28,0.04,0.16,0,1.41,0.2,-0.07,-0.07,7.04,22.8,30.9,24.7,3.96,61.3,46,8.52,89.7,64.6,17.9,1.32,7.4,0.48,0.48,9.7
110,André Onana,cm CMR,GK,Inter,it Serie A,27-019,1996,20,0.9,0.1,0,0.2,0.05,0.72,0.2,-0.14,-0.14,4.45,11.4,38.9,35,5.05,26.7,30.2,6.5,32.3,35.8,11.7,0.7,6,0.45,0.45,12.5
111,Jordi Masip,es ESP,GK,Valladolid,es La Liga,34-108,1989,18.9,1.43,0.21,0,0,0,1.7,0.27,0.27,0.27,4.55,13.5,33.6,27.2,4.92,32.7,34.6,8.68,53.7,43.3,14.7,0.53,3.6,0.42,0.42,12.8
112,Gauthier Gallon,fr FRA,GK,Troyes,fr Ligue 1,29-363,1993,24,2.21,0.21,0,0.29,0.08,1.73,0.31,-0.4,-0.39,3.33,12.8,26.1,22.8,4.08,36,33.4,7.38,62.1,45.2,15.4,0.96,6.2,0.38,0.38,9.9
113,Mark Travers,ie IRL,GK,Bournemouth,eng Premier League,23-338,1999,10.5,2.95,0.19,0,0.76,0.19,2.1,0.34,-0.66,-0.66,6.67,13.9,47.9,20.5,4.48,38.1,32.6,10.4,58.7,45.7,19.6,0.48,2.4,0.38,0.38,9.6
114,Édgar Badía,es ESP,GK,Elche,es La Liga,31-068,1992,28,2.04,0.25,0,0.14,0.04,2.18,0.32,0.18,0.18,5.79,13.1,44.1,20.5,4.32,40,36.4,8.11,60.8,44.4,15.1,0.64,4.3,0.21,0.21,11.1
